{
  "V1 Defensive (reference)": {
    "full": {
      "CAGR": 0.1491817682348735,
      "Vol": 0.11944602557205208,
      "Sharpe": 1.0888523906873602,
      "MaxDD": -0.21177050262425878
    },
    "is": {
      "CAGR": 0.14682723542939247,
      "Vol": 0.11334785068868171,
      "Sharpe": 1.1560274383813893,
      "MaxDD": -0.21177050262425878
    },
    "oos": {
      "CAGR": 0.15235387656453092,
      "Vol": 0.12764119826377768,
      "Sharpe": 1.0080718972402218,
      "MaxDD": -0.18693850712222948
    },
    "alpha": 0.05362400029141086,
    "alpha_t": 4.344547440237213,
    "avg_cash": 0.34423677008916576
  },
  "W1 Risk-managed momentum": {
    "full": {
      "CAGR": 0.13904259503028116,
      "Vol": 0.11395709012324487,
      "Sharpe": 1.0577612054643302,
      "MaxDD": -0.20128920548666673
    },
    "is": {
      "CAGR": 0.13734754393017745,
      "Vol": 0.10844423946829247,
      "Sharpe": 1.1262480191968016,
      "MaxDD": -0.20128920548666673
    },
    "oos": {
      "CAGR": 0.14132472362083104,
      "Vol": 0.12141247701939344,
      "Sharpe": 0.974451603116115,
      "MaxDD": -0.19757836445497645
    },
    "alpha": 0.056056281451285925,
    "alpha_t": 3.748276516683579,
    "avg_cash": 0.42797837543127504
  },
  "W2 Volatility targeting": {
    "full": {
      "CAGR": 0.13554428186148382,
      "Vol": 0.1128007390053456,
      "Sharpe": 1.0399132866839849,
      "MaxDD": -0.21362648709456156
    },
    "is": {
      "CAGR": 0.136233181173679,
      "Vol": 0.10776048315828848,
      "Sharpe": 1.124024618280149,
      "MaxDD": -0.21362648709456156
    },
    "oos": {
      "CAGR": 0.1346190590568559,
      "Vol": 0.11968210941790904,
      "Sharpe": 0.9367012332498093,
      "MaxDD": -0.1962606401183552
    },
    "alpha": 0.05323675671902163,
    "alpha_t": 3.683822570924318,
    "avg_cash": 0.4271890751299605
  },
  "W3 Defensive-mom tilt": {
    "full": {
      "CAGR": 0.13579328292595405,
      "Vol": 0.10913085796790428,
      "Sharpe": 1.072378839834513,
      "MaxDD": -0.19332467361466465
    },
    "is": {
      "CAGR": 0.13976145354565794,
      "Vol": 0.10197438356281363,
      "Sharpe": 1.210514565045528,
      "MaxDD": -0.19332467361466465
    },
    "oos": {
      "CAGR": 0.13048181465898456,
      "Vol": 0.11848299449662986,
      "Sharpe": 0.9139762280730376,
      "MaxDD": -0.1925214528229311
    },
    "alpha": 0.04679894937211536,
    "alpha_t": 3.572834983413078,
    "avg_cash": 0.34423677008916576
  },
  "W4 Quality-momentum (proxy)": {
    "full": {
      "CAGR": 0.13425133832657332,
      "Vol": 0.1096886090896927,
      "Sharpe": 1.055018575995565,
      "MaxDD": -0.18734819731850083
    },
    "is": {
      "CAGR": 0.13665481510182564,
      "Vol": 0.10210341846306709,
      "Sharpe": 1.1831191343698113,
      "MaxDD": -0.18734819731850083
    },
    "oos": {
      "CAGR": 0.1310290689087683,
      "Vol": 0.11954796263251281,
      "Sharpe": 0.9102116207938911,
      "MaxDD": -0.18646554697709894
    },
    "alpha": 0.04309653102230887,
    "alpha_t": 3.4882885077281207,
    "avg_cash": 0.34423677008916576
  },
  "W5 Combined (RM+qual+def)": {
    "full": {
      "CAGR": 0.1252667847646678,
      "Vol": 0.106478365539445,
      "Sharpe": 1.0089300975907582,
      "MaxDD": -0.20397942362425148
    },
    "is": {
      "CAGR": 0.12805310457228392,
      "Vol": 0.09955849327392444,
      "Sharpe": 1.1334698124381641,
      "MaxDD": -0.19302568329568803
    },
    "oos": {
      "CAGR": 0.1215328086198364,
      "Vol": 0.11553529327515136,
      "Sharpe": 0.8657170807935073,
      "MaxDD": -0.20397942362425137
    },
    "alpha": 0.046878760570360174,
    "alpha_t": 3.078609385349552,
    "avg_cash": 0.42797837543127504
  },
  "S&P 500 (SPY)": {
    "full": {
      "CAGR": 0.10035204180815982,
      "Vol": 0.15092159665772567,
      "Sharpe": 0.5998444421508936,
      "MaxDD": -0.5078481492657865
    },
    "is": {
      "CAGR": 0.0625721991211805,
      "Vol": 0.14734679264428066,
      "Sharpe": 0.39933786170272767,
      "MaxDD": -0.5078481492657865
    },
    "oos": {
      "CAGR": 0.15325259576047046,
      "Vol": 0.15511368037169335,
      "Sharpe": 0.8575825425142255,
      "MaxDD": -0.23972224513887663
    },
    "alpha": null,
    "alpha_t": null,
    "avg_cash": 0.0
  }
}