{
  "V1 Defensive (reference)": {
    "full": {
      "CAGR": 0.14911187588989505,
      "Vol": 0.11945406723275845,
      "Sharpe": 1.1477714686153855,
      "MaxDD": -0.2117705026242589
    },
    "is": {
      "CAGR": 0.1467055923530618,
      "Vol": 0.11336244887261356,
      "Sharpe": 1.1553604705393796,
      "MaxDD": -0.2117705026242589
    },
    "oos": {
      "CAGR": 0.15235387656453092,
      "Vol": 0.12764119826377768,
      "Sharpe": 1.1389534457512744,
      "MaxDD": -0.18693850712222948
    },
    "alpha": 0.06344046528678329,
    "alpha_t": 4.781972061561326,
    "avg_cash": 0.34423677008916576
  },
  "W1 Risk-managed momentum": {
    "full": {
      "CAGR": 0.13896683564709567,
      "Vol": 0.11396506806203799,
      "Sharpe": 1.1192816972114075,
      "MaxDD": -0.20128920548666673
    },
    "is": {
      "CAGR": 0.13721561584730524,
      "Vol": 0.10845870582092967,
      "Sharpe": 1.1256242098252143,
      "MaxDD": -0.20128920548666673
    },
    "oos": {
      "CAGR": 0.14132472362083104,
      "Vol": 0.12141247701939344,
      "Sharpe": 1.1114630575237487,
      "MaxDD": -0.19757836445497645
    },
    "alpha": 0.06626265603182796,
    "alpha_t": 4.161766562054744,
    "avg_cash": 0.42797837543127504
  },
  "W2 Volatility targeting": {
    "full": {
      "CAGR": 0.13547689835750476,
      "Vol": 0.11280879414650186,
      "Sharpe": 1.1025512740689538,
      "MaxDD": -0.21362648709456167
    },
    "is": {
      "CAGR": 0.1361155924342159,
      "Vol": 0.10777522909207614,
      "Sharpe": 1.1235560011609245,
      "MaxDD": -0.21362648709456167
    },
    "oos": {
      "CAGR": 0.1346190590568559,
      "Vol": 0.11968210941790904,
      "Sharpe": 1.0762215558530648,
      "MaxDD": -0.1962606401183552
    },
    "alpha": 0.06441742457595759,
    "alpha_t": 4.150695101501627,
    "avg_cash": 0.42719615900912133
  },
  "W3 Defensive-mom tilt": {
    "full": {
      "CAGR": 0.13572455458079746,
      "Vol": 0.10913641035331656,
      "Sharpe": 1.1369010244738864,
      "MaxDD": -0.19332467361466477
    },
    "is": {
      "CAGR": 0.1396411719673798,
      "Vol": 0.10198501172569835,
      "Sharpe": 1.2096688846002899,
      "MaxDD": -0.19332467361466477
    },
    "oos": {
      "CAGR": 0.13048181465898456,
      "Vol": 0.11848299449662986,
      "Sharpe": 1.0547939130018171,
      "MaxDD": -0.1925214528229311
    },
    "alpha": 0.05799019482900279,
    "alpha_t": 4.102189165282969,
    "avg_cash": 0.34423677008916576
  },
  "W4 Quality-momentum (proxy)": {
    "full": {
      "CAGR": 0.13418261546907928,
      "Vol": 0.10969474792933182,
      "Sharpe": 1.119309566465204,
      "MaxDD": -0.18734819731850083
    },
    "is": {
      "CAGR": 0.13653470789864808,
      "Vol": 0.10211506344617974,
      "Sharpe": 1.182314763839143,
      "MaxDD": -0.18734819731850083
    },
    "oos": {
      "CAGR": 0.1310290689087683,
      "Vol": 0.11954796263251281,
      "Sharpe": 1.0499879272433839,
      "MaxDD": -0.18646554697709894
    },
    "alpha": 0.05267385828713894,
    "alpha_t": 3.9530577098705955,
    "avg_cash": 0.34423677008916576
  },
  "W5 Combined (RM+qual+def)": {
    "full": {
      "CAGR": 0.12519223849266736,
      "Vol": 0.10648395374734893,
      "Sharpe": 1.0745564955268576,
      "MaxDD": -0.20397942362425137
    },
    "is": {
      "CAGR": 0.1279227736075621,
      "Vol": 0.0995691134672678,
      "Sharpe": 1.13259675210581,
      "MaxDD": -0.1930256832956876
    },
    "oos": {
      "CAGR": 0.1215328086198364,
      "Vol": 0.11553529327515136,
      "Sharpe": 1.0093577837631087,
      "MaxDD": -0.20397942362425137
    },
    "alpha": 0.056698613093054975,
    "alpha_t": 3.5042120686896183,
    "avg_cash": 0.42797837543127504
  },
  "S&P 500 (SPY)": {
    "full": {
      "CAGR": 0.10035204180815982,
      "Vol": 0.15092159665772567,
      "Sharpe": 0.6472204605625562,
      "MaxDD": -0.5078481492657865
    },
    "is": {
      "CAGR": 0.0625721991211805,
      "Vol": 0.14734679264428066,
      "Sharpe": 0.39924607484679764,
      "MaxDD": -0.5078481492657865
    },
    "oos": {
      "CAGR": 0.15325259576047046,
      "Vol": 0.15511368037169335,
      "Sharpe": 0.9674291577887394,
      "MaxDD": -0.23972224513887663
    },
    "alpha": null,
    "alpha_t": null,
    "avg_cash": 0.0
  }
}