{
  "V0 Baseline (current)": {
    "full": {
      "CAGR": 0.12540097743470446,
      "Vol": 0.10864236357391846,
      "Sharpe": 0.9907435065310253,
      "MaxDD": -0.2635717873748684
    },
    "is": {
      "CAGR": 0.11794822791880288,
      "Vol": 0.1060736068127055,
      "Sharpe": 0.9848759036463935,
      "MaxDD": -0.2635717873748684
    },
    "oos": {
      "CAGR": 0.13549579225287278,
      "Vol": 0.11237544141754637,
      "Sharpe": 0.9952062982998363,
      "MaxDD": -0.15064886796605526
    },
    "alpha": 0.03520971038510076,
    "alpha_t": 4.069617422051311,
    "avg_cash": 0.34423677008916576
  },
  "V1 Defensive sleeve": {
    "full": {
      "CAGR": 0.1491817682348735,
      "Vol": 0.11944602557205208,
      "Sharpe": 1.0888523906873602,
      "MaxDD": -0.21177050262425878
    },
    "is": {
      "CAGR": 0.14682723542939247,
      "Vol": 0.11334785068868171,
      "Sharpe": 1.1560274383813893,
      "MaxDD": -0.21177050262425878
    },
    "oos": {
      "CAGR": 0.15235387656453092,
      "Vol": 0.12764119826377768,
      "Sharpe": 1.0080718972402218,
      "MaxDD": -0.18693850712222948
    },
    "alpha": 0.05362400029141086,
    "alpha_t": 4.344547440237213,
    "avg_cash": 0.34423677008916576
  },
  "V2 Inverse-vol weighting": {
    "full": {
      "CAGR": 0.10412185184893574,
      "Vol": 0.09784184466972658,
      "Sharpe": 0.8915985655744852,
      "MaxDD": -0.24963918872035917
    },
    "is": {
      "CAGR": 0.10167445788969953,
      "Vol": 0.09418727417420004,
      "Sharpe": 0.9394191564848547,
      "MaxDD": -0.24963918872035917
    },
    "oos": {
      "CAGR": 0.10741971560377994,
      "Vol": 0.10292515741637163,
      "Sharpe": 0.8308895998119563,
      "MaxDD": -0.15171595421420192
    },
    "alpha": 0.018261684785244266,
    "alpha_t": 2.1240590368729726,
    "avg_cash": 0.34423677008916576
  },
  "V3 Asymmetric overlay": {
    "full": {
      "CAGR": 0.1572603689805674,
      "Vol": 0.1377461245501815,
      "Sharpe": 1.0117885914538265,
      "MaxDD": -0.27586612374316977
    },
    "is": {
      "CAGR": 0.15280170414862626,
      "Vol": 0.1341248909494847,
      "Sharpe": 1.0343698640316605,
      "MaxDD": -0.27586612374316977
    },
    "oos": {
      "CAGR": 0.16327998981588254,
      "Vol": 0.1429956248141189,
      "Sharpe": 0.9802816812123992,
      "MaxDD": -0.18982749364732687
    },
    "alpha": 0.04882801594035152,
    "alpha_t": 3.718574796713259,
    "avg_cash": 0.16946195462464017
  },
  "V4a Concentration q=0.10": {
    "full": {
      "CAGR": 0.15396874333867494,
      "Vol": 0.13395152010265943,
      "Sharpe": 1.0157681015184898,
      "MaxDD": -0.2874246819140637
    },
    "is": {
      "CAGR": 0.1425032515770397,
      "Vol": 0.13090908827640313,
      "Sharpe": 0.9871320945761158,
      "MaxDD": -0.2874246819140637
    },
    "oos": {
      "CAGR": 0.169559812797615,
      "Vol": 0.13836115370152674,
      "Sharpe": 1.0493696321073254,
      "MaxDD": -0.1480716049887989
    },
    "alpha": 0.05420405996753221,
    "alpha_t": 4.619026922190574,
    "avg_cash": 0.34423677008916576
  },
  "V4b Concentration q=0.33": {
    "full": {
      "CAGR": 0.1206099658583033,
      "Vol": 0.10273781896702108,
      "Sharpe": 0.9994003722428093,
      "MaxDD": -0.2575597887652533
    },
    "is": {
      "CAGR": 0.11547063507720812,
      "Vol": 0.1007562999469682,
      "Sharpe": 1.0090703354289021,
      "MaxDD": -0.2575597887652533
    },
    "oos": {
      "CAGR": 0.1275545438031329,
      "Vol": 0.105721421608967,
      "Sharpe": 0.9835875810698526,
      "MaxDD": -0.1464773543106589
    },
    "alpha": 0.03327543706196415,
    "alpha_t": 4.222749795445006,
    "avg_cash": 0.34423677008916576
  },
  "V5 Combined (asym+iv+def)": {
    "full": {
      "CAGR": 0.14262126161048982,
      "Vol": 0.13138939561910495,
      "Sharpe": 0.9559318332170524,
      "MaxDD": -0.24283784970012312
    },
    "is": {
      "CAGR": 0.14756636902898412,
      "Vol": 0.12656103897831578,
      "Sharpe": 1.051861657253461,
      "MaxDD": -0.24283784970012312
    },
    "oos": {
      "CAGR": 0.1360085867149987,
      "Vol": 0.1381162808290134,
      "Sharpe": 0.8359693529029041,
      "MaxDD": -0.1928828609232901
    },
    "alpha": 0.03509746493042679,
    "alpha_t": 2.3244015320669886,
    "avg_cash": 0.16946195462464017
  },
  "S&P 500 (SPY)": {
    "full": {
      "CAGR": 0.10035204180815982,
      "Vol": 0.15092159665772567,
      "Sharpe": 0.5998444421508936,
      "MaxDD": -0.5078481492657865
    },
    "is": {
      "CAGR": 0.0625721991211805,
      "Vol": 0.14734679264428066,
      "Sharpe": 0.39933786170272767,
      "MaxDD": -0.5078481492657865
    },
    "oos": {
      "CAGR": 0.15325259576047046,
      "Vol": 0.15511368037169335,
      "Sharpe": 0.8575825425142255,
      "MaxDD": -0.23972224513887663
    },
    "alpha": null,
    "alpha_t": null,
    "avg_cash": 0.0
  }
}