{
  "V0 Baseline (current)": {
    "full": {
      "CAGR": 0.12264016453328375,
      "Vol": 0.10861892137618101,
      "Sharpe": 1.0338076775344431,
      "MaxDD": -0.2644600474031963
    },
    "is": {
      "CAGR": 0.11783459422830345,
      "Vol": 0.10609683147672072,
      "Sharpe": 0.9840965247685896,
      "MaxDD": -0.2644600474031963
    },
    "oos": {
      "CAGR": 0.12913140867602446,
      "Vol": 0.11232505149130459,
      "Sharpe": 1.0944700564397056,
      "MaxDD": -0.15099350635366493
    },
    "alpha": 0.03655870733990042,
    "alpha_t": 3.93719112845145,
    "avg_cash": 0.34423677008916576
  },
  "V1 Defensive sleeve": {
    "full": {
      "CAGR": 0.14911187588989505,
      "Vol": 0.11945406723275845,
      "Sharpe": 1.1477714686153855,
      "MaxDD": -0.2117705026242589
    },
    "is": {
      "CAGR": 0.1467055923530618,
      "Vol": 0.11336244887261356,
      "Sharpe": 1.1553604705393796,
      "MaxDD": -0.2117705026242589
    },
    "oos": {
      "CAGR": 0.15235387656453092,
      "Vol": 0.12764119826377768,
      "Sharpe": 1.1389534457512744,
      "MaxDD": -0.18693850712222948
    },
    "alpha": 0.06344046528678329,
    "alpha_t": 4.781972061561326,
    "avg_cash": 0.34423677008916576
  },
  "V2 Inverse-vol weighting": {
    "full": {
      "CAGR": 0.1014068312457519,
      "Vol": 0.0978386754820649,
      "Sharpe": 0.9397524435008664,
      "MaxDD": -0.25054495496373386
    },
    "is": {
      "CAGR": 0.10156325766011931,
      "Vol": 0.09420344923245784,
      "Sharpe": 0.938273981966886,
      "MaxDD": -0.25054495496373386
    },
    "oos": {
      "CAGR": 0.1011966291337627,
      "Vol": 0.10290673569651676,
      "Sharpe": 0.9399942155593096,
      "MaxDD": -0.1520601124325347
    },
    "alpha": 0.021768171020859012,
    "alpha_t": 2.4386489262630215,
    "avg_cash": 0.34423677008916576
  },
  "V3 Asymmetric overlay": {
    "full": {
      "CAGR": 0.15589013776550598,
      "Vol": 0.13777727299991047,
      "Sharpe": 1.0546673051785422,
      "MaxDD": -0.2764576309813903
    },
    "is": {
      "CAGR": 0.1525969883909606,
      "Vol": 0.1341363747640816,
      "Sharpe": 1.0333652924876695,
      "MaxDD": -0.2764576309813903
    },
    "oos": {
      "CAGR": 0.16033095619918125,
      "Vol": 0.14305912700809642,
      "Sharpe": 1.0788768747959918,
      "MaxDD": -0.18987566151331936
    },
    "alpha": 0.04879833590980427,
    "alpha_t": 3.559978093009593,
    "avg_cash": 0.16946195462464017
  },
  "V4a Concentration q=0.10": {
    "full": {
      "CAGR": 0.1511503615469747,
      "Vol": 0.1338807201259123,
      "Sharpe": 1.0498222326916133,
      "MaxDD": -0.28829488721049346
    },
    "is": {
      "CAGR": 0.142384719031452,
      "Vol": 0.13094713816627057,
      "Sharpe": 0.9866735460479014,
      "MaxDD": -0.28829488721049346
    },
    "oos": {
      "CAGR": 0.1630374235625507,
      "Vol": 0.13819357355690667,
      "Sharpe": 1.1278987554237732,
      "MaxDD": -0.14841795923400458
    },
    "alpha": 0.04898037494803344,
    "alpha_t": 3.7392372763779145,
    "avg_cash": 0.34423677008916576
  },
  "V4b Concentration q=0.33": {
    "full": {
      "CAGR": 0.11785886578682314,
      "Vol": 0.10272500193675146,
      "Sharpe": 1.0451338036288316,
      "MaxDD": -0.25845483087908616
    },
    "is": {
      "CAGR": 0.1153572352981036,
      "Vol": 0.10078071307039488,
      "Sharpe": 1.0082175937098048,
      "MaxDD": -0.25845483087908616
    },
    "oos": {
      "CAGR": 0.12122989754202229,
      "Vol": 0.10568254112996223,
      "Sharpe": 1.0893918232047988,
      "MaxDD": -0.1468222370328136
    },
    "alpha": 0.03488387636447695,
    "alpha_t": 4.00318182036253,
    "avg_cash": 0.34423677008916576
  },
  "V5 Combined (asym+iv+def)": {
    "full": {
      "CAGR": 0.1425857743893788,
      "Vol": 0.13139179827594136,
      "Sharpe": 1.0106145051175104,
      "MaxDD": -0.24283784970012312
    },
    "is": {
      "CAGR": 0.14750421048623386,
      "Vol": 0.1265655335260634,
      "Sharpe": 1.0514896318601363,
      "MaxDD": -0.24283784970012312
    },
    "oos": {
      "CAGR": 0.1360085867149987,
      "Vol": 0.1381162808290134,
      "Sharpe": 0.9582783558759036,
      "MaxDD": -0.1928828609232901
    },
    "alpha": 0.045145644401848706,
    "alpha_t": 2.8761243694766416,
    "avg_cash": 0.16946195462464017
  },
  "S&P 500 (SPY)": {
    "full": {
      "CAGR": 0.10035204180815982,
      "Vol": 0.15092159665772567,
      "Sharpe": 0.6472204605625562,
      "MaxDD": -0.5078481492657865
    },
    "is": {
      "CAGR": 0.0625721991211805,
      "Vol": 0.14734679264428066,
      "Sharpe": 0.39924607484679764,
      "MaxDD": -0.5078481492657865
    },
    "oos": {
      "CAGR": 0.15325259576047046,
      "Vol": 0.15511368037169335,
      "Sharpe": 0.9674291577887394,
      "MaxDD": -0.23972224513887663
    },
    "alpha": null,
    "alpha_t": null,
    "avg_cash": 0.0
  }
}