{
  "Top 25 names (high-conviction)": {
    "full": {
      "CAGR": 0.21790652269375443,
      "Vol": 0.16201883382935672,
      "Sharpe": 1.2039877658820417,
      "MaxDD": -0.24708474442937134
    },
    "is": {
      "CAGR": 0.19729924178485225,
      "Vol": 0.14992716614803597,
      "Sharpe": 1.196870667529926,
      "MaxDD": -0.24708474442937134
    },
    "oos": {
      "CAGR": 0.24616249087474018,
      "Vol": 0.17732680603927306,
      "Sharpe": 1.2173007793406543,
      "MaxDD": -0.15688030023839694
    },
    "alpha": 0.10172798893503922,
    "alpha_t": 5.987683463025573,
    "avg_n": 25.0,
    "ann_turnover": 4.870687605745638
  },
  "Top decile (q=0.10, ~50)": {
    "full": {
      "CAGR": 0.1783933090682175,
      "Vol": 0.1423048076749974,
      "Sharpe": 1.113639548858526,
      "MaxDD": -0.23626716952235804
    },
    "is": {
      "CAGR": 0.17211650172366655,
      "Vol": 0.13588620253041753,
      "Sharpe": 1.1463522523692506,
      "MaxDD": -0.23626716952235804
    },
    "oos": {
      "CAGR": 0.18688231668860444,
      "Vol": 0.15102421403879987,
      "Sharpe": 1.0726192315817025,
      "MaxDD": -0.18767162353932776
    },
    "alpha": 0.0726183498738423,
    "alpha_t": 4.746867183692742,
    "avg_n": 44.70648464163823,
    "ann_turnover": 4.682469825722146
  },
  "Quartile (q=0.25) \u2014 V1 FLAGSHIP": {
    "full": {
      "CAGR": 0.1491817682348735,
      "Vol": 0.11944602557205208,
      "Sharpe": 1.0888523906873602,
      "MaxDD": -0.21177050262425878
    },
    "is": {
      "CAGR": 0.14682723542939247,
      "Vol": 0.11334785068868171,
      "Sharpe": 1.1560274383813893,
      "MaxDD": -0.21177050262425878
    },
    "oos": {
      "CAGR": 0.15235387656453092,
      "Vol": 0.12764119826377768,
      "Sharpe": 1.0080718972402218,
      "MaxDD": -0.18693850712222948
    },
    "alpha": 0.05362400029141086,
    "alpha_t": 4.344547440237213,
    "avg_n": 111.17747440273038,
    "ann_turnover": 3.7880826991061554
  },
  "Tercile (q=0.33, ~165)": {
    "full": {
      "CAGR": 0.14427034966848806,
      "Vol": 0.11431491609301456,
      "Sharpe": 1.0943889763429295,
      "MaxDD": -0.20589855146162495
    },
    "is": {
      "CAGR": 0.14424545874122874,
      "Vol": 0.10877300778452559,
      "Sharpe": 1.178963578505342,
      "MaxDD": -0.20589855146162495
    },
    "oos": {
      "CAGR": 0.14430380392761033,
      "Vol": 0.12181231706791093,
      "Sharpe": 0.9919517986968062,
      "MaxDD": -0.1865514298328822
    },
    "alpha": 0.0516897269682742,
    "alpha_t": 4.384702736365261,
    "avg_n": 146.46075085324233,
    "ann_turnover": 3.3715335368937716
  },
  "Quartile + inverse-vol weight": {
    "full": {
      "CAGR": 0.1274201037666245,
      "Vol": 0.11030343271668923,
      "Sharpe": 0.9941666906655341,
      "MaxDD": -0.19969850500750752
    },
    "is": {
      "CAGR": 0.13010775558070775,
      "Vol": 0.10288693781591941,
      "Sharpe": 1.1181897659542919,
      "MaxDD": -0.19969850500750752
    },
    "oos": {
      "CAGR": 0.12381796520963295,
      "Vol": 0.11997372897636102,
      "Sharpe": 0.8531000711331357,
      "MaxDD": -0.19281836159008459
    },
    "alpha": 0.03667597469155439,
    "alpha_t": 3.0242220104617945,
    "avg_n": 111.17747440273038,
    "ann_turnover": 4.377564950322867
  },
  "S&P 500 (SPY)": {
    "full": {
      "CAGR": 0.10035204180815982,
      "Vol": 0.15092159665772567,
      "Sharpe": 0.5998444421508936,
      "MaxDD": -0.5078481492657865
    },
    "is": {
      "CAGR": 0.0625721991211805,
      "Vol": 0.14734679264428066,
      "Sharpe": 0.39933786170272767,
      "MaxDD": -0.5078481492657865
    },
    "oos": {
      "CAGR": 0.15325259576047046,
      "Vol": 0.15511368037169335,
      "Sharpe": 0.8575825425142255,
      "MaxDD": -0.23972224513887663
    },
    "alpha": null,
    "alpha_t": null,
    "avg_n": 0,
    "ann_turnover": 0
  }
}