{
  "free": {
    "Top 25 names": {
      "CAGR": 0.07621996894456284,
      "Sharpe": 0.47719364505789075,
      "MaxDD": -0.3055269875962612,
      "OOS_Sharpe": 0.65630305981402
    },
    "Top decile (~50)": {
      "CAGR": 0.07430833535511838,
      "Sharpe": 0.5043056378543438,
      "MaxDD": -0.281027048295565,
      "OOS_Sharpe": 0.6289107096688178
    },
    "Quartile (~125)": {
      "CAGR": 0.07020709595464059,
      "Sharpe": 0.5419440368871083,
      "MaxDD": -0.2094579251334049,
      "OOS_Sharpe": 0.5605688228738975
    },
    "Tercile (~165)": {
      "CAGR": 0.07267918440231935,
      "Sharpe": 0.5717097965515014,
      "MaxDD": -0.21403035355011168,
      "OOS_Sharpe": 0.5678664161589848
    }
  },
  "biased": {
    "Top 25 names": {
      "CAGR": 0.08621674760781883,
      "Sharpe": 0.5704252962550267,
      "MaxDD": -0.274568895635406,
      "OOS_Sharpe": 0.7128988781443424
    },
    "Top decile (~50)": {
      "CAGR": 0.08012101769945335,
      "Sharpe": 0.5525781049821696,
      "MaxDD": -0.2734330270654022,
      "OOS_Sharpe": 0.7185859582225589
    },
    "Quartile (~125)": {
      "CAGR": 0.07987745754444031,
      "Sharpe": 0.6414028041346773,
      "MaxDD": -0.224408865252973,
      "OOS_Sharpe": 0.6513626600038626
    },
    "Tercile (~165)": {
      "CAGR": 0.0834098687509941,
      "Sharpe": 0.6888749966541053,
      "MaxDD": -0.20403909912364582,
      "OOS_Sharpe": 0.6686348218464266
    }
  }
}