{
  "terms": {
    "management_fee": "1.0% per annum (accrued monthly)",
    "performance_fee": "15% of returns above the S&P 500 (SPY)",
    "high_water_mark": "Yes (relative; only charged on new highs vs benchmark)",
    "crystallisation": "Annual",
    "liquidity": "Monthly, no lockup",
    "basis": "Performance fee on benchmark-relative outperformance only \u2014 not on market beta"
  },
  "gross": {
    "CAGR": 0.1253542573367603,
    "Vol": 0.10881584183301435,
    "Sharpe": 0.9925722254836196,
    "MaxDD": -0.26357178737486864
  },
  "net": {
    "CAGR": 0.10975139522394661,
    "Vol": 0.10920347668106507,
    "Sharpe": 0.8605158472120152,
    "MaxDD": -0.2999498435106718
  },
  "spy": {
    "CAGR": 0.10035204180815982,
    "Vol": 0.15114845165857146,
    "Sharpe": 0.6033118439364278,
    "MaxDD": -0.5078481492657865
  },
  "fee_drag_cagr": 0.015602862112813698,
  "net_vs_spy_cagr": 0.009399353415786793
}