{
  "tcost": [
    {
      "bps": 15,
      "CAGR": 0.1489573301060887,
      "Sharpe": 1.0869816411830424,
      "MaxDD": -0.21177050262425867
    },
    {
      "bps": 30,
      "CAGR": 0.14251591398515573,
      "Sharpe": 1.0394426777296688,
      "MaxDD": -0.21556448462214417
    },
    {
      "bps": 50,
      "CAGR": 0.13397850407982004,
      "Sharpe": 0.9760413792945835,
      "MaxDD": -0.22059728798717204
    },
    {
      "bps": 100,
      "CAGR": 0.11288848117098671,
      "Sharpe": 0.8174866458376339,
      "MaxDD": -0.2330510629627105
    }
  ],
  "overlay": {
    "bases": [
      0.55,
      0.65,
      0.75
    ],
    "slopes": [
      0.125,
      0.175,
      0.225
    ],
    "sharpe_grid": [
      [
        1.088205144783074,
        1.0870259997482337,
        1.0855317750787767
      ],
      [
        1.0851263368785111,
        1.0869816411830424,
        1.0824977968045275
      ],
      [
        1.0610370625893395,
        1.065531565392934,
        1.06614848413262
      ]
    ],
    "min": 1.0610370625893395,
    "max": 1.088205144783074,
    "current_base": 0.65,
    "current_slope": 0.175
  }
}