{
  "S2_original": {
    "CAGR": -0.12635587622594013,
    "Vol": 0.23017876810409119,
    "Sharpe": -0.4935214039351878,
    "MaxDD": -0.975123076355416,
    "Calmar": -0.12957941339897647
  },
  "S2a_2f_ls": {
    "CAGR": -0.12139875615291518,
    "Vol": 0.2618943565973697,
    "Sharpe": -0.374952676935194,
    "MaxDD": -0.9824773641507337,
    "Calmar": -0.12356392175798762
  },
  "S2b_2f_lo": {
    "CAGR": 0.18820194908402454,
    "Vol": 0.20052137539593629,
    "Sharpe": 0.9165515362620718,
    "MaxDD": -0.4947845389247897,
    "Calmar": 0.38037152392231965
  },
  "S2c_2f_lo_macro": {
    "CAGR": 0.12880114542234344,
    "Vol": 0.12581978552818013,
    "Sharpe": 0.9519678638666383,
    "MaxDD": -0.2711447321527276,
    "Calmar": 0.47502728302976455
  },
  "S1_ref": {
    "CAGR": 0.16083742062689033,
    "Vol": 0.16511911961311776,
    "Sharpe": 0.9291724209510338,
    "MaxDD": -0.2807904697977698,
    "Calmar": 0.5728022775941372
  }
}